{
    "!name": "cordova-plugin-mauron85-background-geolocation",
    "!define": {
        "!modules": {
            "backgroundGeoLocation": {
                "service": {
                    "ANDROID_DISTANCE_FILTER": "number",
                    "ANDROID_FUSED_LOCATION": "number"
                },
                "accuracy": {
                    "HIGH": "number",
                    "MEDIUM": "number",
                    "LOW": "number",
                    "PASSIVE": "number"
                },
                "configure": "fn(success: ?, failure: ?, config: ?)",
                "start": "fn(success: ?, failure: ?)",
                "stop": "fn(success: ?, failure: ?)",
                "finish": "fn(success: ?, failure: ?)",
                "changePace": "fn(isMoving: ?, success: ?, failure: ?)",
                "setConfig": "fn(success: ?, failure: ?, config: ?)",
                "getStationaryLocation": "fn(success: ?, failure: ?)",
                "onStationary": "fn(success: fn(), failure: ?)",
                "isLocationEnabled": "fn(success: ?, failure: ?)",
                "showLocationSettings": "fn()",
                "watchLocationMode": "fn(success: ?, failure: ?)",
                "stopWatchingLocationMode": "fn()",
                "getLocations": "fn(success: ?, failure: ?)",
                "deleteLocation": "fn(locationId: ?, success: ?, failure: ?)",
                "deleteAllLocations": "fn(success: ?, failure: ?)",
                "apply": "fn(destination: ?, source: ?)"
            }
        },
        "!modules.backgroundGeoLocation.configure.!0": "fn()",
        "!modules.backgroundGeoLocation.configure.!1": "fn()",
        "!modules.backgroundGeoLocation.start.!0": "fn()",
        "!modules.backgroundGeoLocation.start.!1": "fn()",
        "!modules.backgroundGeoLocation.stop.!0": "fn()",
        "!modules.backgroundGeoLocation.stop.!1": "fn()",
        "!modules.backgroundGeoLocation.finish.!0": "fn()",
        "!modules.backgroundGeoLocation.finish.!1": "fn()",
        "!modules.backgroundGeoLocation.changePace.!1": "fn()",
        "!modules.backgroundGeoLocation.changePace.!2": "fn()",
        "!modules.backgroundGeoLocation.setConfig.!0": "fn()",
        "!modules.backgroundGeoLocation.setConfig.!1": "fn()",
        "!modules.backgroundGeoLocation.getStationaryLocation.!0": "fn()",
        "!modules.backgroundGeoLocation.getStationaryLocation.!1": "fn()",
        "!modules.backgroundGeoLocation.onStationary.!0": "fn()",
        "!modules.backgroundGeoLocation.onStationary.!1": "fn()",
        "!modules.backgroundGeoLocation.isLocationEnabled.!0": "fn()",
        "!modules.backgroundGeoLocation.isLocationEnabled.!1": "fn()",
        "!modules.backgroundGeoLocation.watchLocationMode.!1": "fn()",
        "!modules.backgroundGeoLocation.getLocations.!1": "fn()",
        "!modules.backgroundGeoLocation.deleteLocation.!1": "fn()",
        "!modules.backgroundGeoLocation.deleteLocation.!2": "fn()",
        "!modules.backgroundGeoLocation.deleteAllLocations.!0": "fn()",
        "!modules.backgroundGeoLocation.deleteAllLocations.!1": "fn()"
    },
    "!plugin-version": "0.9.4",
    "backgroundGeoLocation": "!modules.backgroundGeoLocation"
}