{
    "!name": "phonegap-plugin-push",
    "!define": {
        "!modules": {
            "PushNotification": {
                "init": "fn(options: ?) -> +!modules.PushNotification.PushNotification",
                "PushNotification": {
                    "prototype": {
                        "unregister": "fn(successCallback: ?, errorCallback: fn(), options: ?)",
                        "setApplicationIconBadgeNumber": "fn(successCallback: ?, errorCallback: fn(), badge: ?)",
                        "getApplicationIconBadgeNumber": "fn(successCallback: ?, errorCallback: fn())",
                        "on": "fn(eventName: ?, callback: ?)",
                        "emit": "fn() -> bool",
                        "finish": "fn(successCallback: fn(), errorCallback: fn())"
                    },
                    "!type": "fn(options: ?)",
                    "_handlers": {
                        "registration": "[?]",
                        "notification": "[?]",
                        "error": "[?]"
                    }
                }
            }
        },
        "!modules.PushNotification.init.!ret": "+!modules.PushNotification.PushNotification",
        "!modules.PushNotification.PushNotification.prototype.unregister.!1": "fn()",
        "!modules.PushNotification.PushNotification.prototype.setApplicationIconBadgeNumber.!1": "fn()",
        "!modules.PushNotification.PushNotification.prototype.getApplicationIconBadgeNumber.!1": "fn()",
        "!modules.PushNotification.PushNotification.prototype.finish.!0": "fn()",
        "!modules.PushNotification.PushNotification.prototype.finish.!1": "fn()"
    },
    "!plugin-version": "1.4.3",
    "PushNotification": "!modules.PushNotification"
}