 <!-- Change the debuggable preference to true to build a remote CDT debuggable app for -->
<!-- Crosswalk apps on Android 4.0+ devices and Cordova apps on Android 4.4+ devices. -->
<preference name="debuggable" value="false" />
<!-- IMPORTANT: set the debuggable preference to false before you build for the store! -->

<!-- 'value' = number of milliseconds to display the splash screen in a Cordova build. -->
<!-- This preference only affects Cordova builds for Crosswalk and Android. -->
<!-- <preference name="SplashScreenDelay" value="2000" /> -->
<preference name="SplashScreenDelay" value="15000" />
<preference name="LoadUrlTimeoutValue" value="50000"/>


<platform name="ios">
    <!-- below requires the splash screen plugin -->
    <!-- docs: https://github.com/apache/cordova-plugin-splashscreen -->
    <preference name="AutoHideSplashScreen" value="false" />
    <preference name="FadeSplashScreen" value="false"/>
    <preference name="FadeSplashScreenDuration" value="2"/>
    <preference name="ShowSplashScreenSpinner" value="false"/>

    <!-- below requires the status bar plugin -->
    <!-- docs: https://github.com/apache/cordova-plugin-statusbar -->
    <!-- see http://devgirl.org/2014/07/31/phonegap-developers-guid -->
    <preference name="StatusBarOverlaysWebView" value="false" />
    <preference name="StatusBarBackgroundColor" value="#000000" />
    <preference name="StatusBarStyle" value="lightcontent" />
</platform>

<platform name="android">
    <!-- below requires the splash screen plugin -->
    <!-- docs: https://github.com/apache/cordova-plugin-splashscreen -->
	<preference name="ShowSplashScreenSpinner" value="false"/>
	<preference name="FadeSplashScreen" value="false"/>	
	<preference name="FadeSplashScreenDuration" value="500"/>
    <preference name="SplashMaintainAspectRatio" value="false" />
</platform>

<!-- use this feature to add command-lines to be used by Crosswalk builds on device -->
<!-- see http://peter.sh/experiments/chromium-command-line-switches/ for complete list -->
<intelxdk:crosswalk xwalk-command-line="--disable-pull-to-refresh-effect" />
<!-- ignore gpu blacklist for larger collection of gpu accelerated devices -->
<intelxdk:crosswalk xwalk-command-line="--ignore-gpu-blacklist" />
