<?xml version='1.0' encoding='UTF-8'?>
<widget xmlns="http://www.w3.org/ns/widgets" xmlns:intelxdk="http://xdk.intel.com/ns/v1" id="com.tugruero.ve.grua" version="0.9.3" android-versionCode="1">
<!--This file is generated by the Intel XDK. Do not edit this file as your edits will be lost.           -->
<!--To change the contents of this file, see the documentation on the intelxdk.config.additions.xml file.-->
<intelxdk:version value="1.0"/>
<intelxdk:cordova-cli version="5.1.1"/>
<name>TuGruero Gruas</name>
<description>Aplicación de asistencia vehicular</description>
<author>Agroup</author>
<content src="index.html"/>
<access origin="*"/>
<access origin="tel:*" launch-external="yes"/>
<icon platform="android" src="images/app-icon/logo_icon_big-01.png" density="xhdpi" width="96" height="96"/>
<icon platform="android" src="images/app-icon/logo_icon_small.png" density="ldpi" width="36" height="36"/>
<icon platform="android" src="images/app-icon/logo_icon_large.png" density="hdpi" width="72" height="72"/>
<icon platform="android" src="images/app-icon/logo_icon_med.png" density="mdpi" width="48" height="48"/>
<splash platform="android" src="images/splash/med.9.png" density="mdpi" width="320" height="470" orientation="portrait"/>
<splash platform="android" src="images/splash/low.9.png" density="ldpi" width="320" height="426" orientation="portrait"/>
<splash platform="android" src="images/splash/large.9.png" density="hdpi" width="480" height="640" orientation="portrait"/>
<splash platform="android" src="images/splash/xlarge.9.png" density="xhdpi" width="720" height="960" orientation="portrait"/>
<intelxdk:plugin intelxdk:name="StatusBar" intelxdk:value="cordova-plugin-statusbar" intelxdk:version="2.0.0" intelxdk:checksum="b92cbbef"/>
<intelxdk:plugin intelxdk:name="Device" intelxdk:value="cordova-plugin-device" intelxdk:version="1.1.0" intelxdk:checksum="1eae5d64"/>
<intelxdk:plugin intelxdk:name="Splashscreen" intelxdk:value="cordova-plugin-splashscreen" intelxdk:version="3.0.0" intelxdk:checksum="3a611d61"/>
<intelxdk:plugin intelxdk:name="PushPlugin" intelxdk:value="phonegap-plugin-push" intelxdk:version="1.4.3" intelxdk:checksum="b8b2263e" intelxdk:type="file"/>
<intelxdk:plugin intelxdk:name="CDVBackgroundGeoLocation" intelxdk:value="cordova-plugin-mauron85-background-geolocation" intelxdk:version="0.9.4" intelxdk:checksum="94b381bb" intelxdk:type="file"/>
<intelxdk:plugin intelxdk:name="File" intelxdk:value="cordova-plugin-file" intelxdk:version="2.1.0" intelxdk:checksum="a32414d6" intelxdk:type="file"/>
<intelxdk:plugin intelxdk:name="Media" intelxdk:value="cordova-plugin-media" intelxdk:version="2.2.0" intelxdk:checksum="dc30a7e8" intelxdk:type="file"/>
<intelxdk:plugin intelxdk:name="Geolocation" intelxdk:value="cordova-plugin-geolocation" intelxdk:version="2.1.0" intelxdk:checksum="aa7be91c"/>
<intelxdk:plugin intelxdk:name="Cordova Legacy Whitelist Plugin" intelxdk:value="cordova-plugin-legacy-whitelist" intelxdk:version="1.1.0"/>
<preference name="android-minSdkVersion" value="14"/>
<preference name="android-targetSdkVersion" value="19"/>
<preference name="android-installLocation" value="auto"/>
<preference name="Orientation" value="portrait"/>
<intelxdk:crosswalk version="15"/>
<preference name="splashscreen" value="splash"/>
<!--creationInfo:{"src":"jsapp/template-blank-cordova-ad-project/sample.zip","projectTypeName":"com.intel.xdk.projecttype.jsapp"}-->
<preference name="debuggable" value="false"/>
<preference name="SplashScreenDelay" value="15000"/>
<preference name="LoadUrlTimeoutValue" value="50000"/>
<platform name="ios">
    <!-- below requires the splash screen plugin -->
    <!-- docs: https://github.com/apache/cordova-plugin-splashscreen -->
    <preference name="AutoHideSplashScreen" value="false"/>
    <preference name="FadeSplashScreen" value="false"/>
    <preference name="FadeSplashScreenDuration" value="2"/>
    <preference name="ShowSplashScreenSpinner" value="false"/>

    <!-- below requires the status bar plugin -->
    <!-- docs: https://github.com/apache/cordova-plugin-statusbar -->
    <!-- see http://devgirl.org/2014/07/31/phonegap-developers-guid -->
    <preference name="StatusBarOverlaysWebView" value="false"/>
    <preference name="StatusBarBackgroundColor" value="#000000"/>
    <preference name="StatusBarStyle" value="lightcontent"/>
</platform>
<platform name="android">
    <!-- below requires the splash screen plugin -->
    <!-- docs: https://github.com/apache/cordova-plugin-splashscreen -->
    <preference name="SplashMaintainAspectRatio" value="false"/>
</platform>
<intelxdk:crosswalk xmlns:intelxdk="http://xdk.intel.com/ns/v1" xwalk-command-line="--disable-pull-to-refresh-effect"/>
<intelxdk:crosswalk xmlns:intelxdk="http://xdk.intel.com/ns/v1" xwalk-command-line="--ignore-gpu-blacklist"/></widget>